attendance,study_hours,internal_marks,assignments_submitted,activities_participation,performance
78,13,14,7,1,1
91,14,70,7,0,1
68,8,18,6,0,0
54,14,59,5,1,1
82,0,15,1,1,0
47,8,92,6,1,1
60,7,69,4,0,1
78,3,53,5,0,0
97,11,20,9,0,1
58,10,75,7,1,1
62,9,56,7,1,1
50,4,82,2,0,0
50,12,94,6,1,1
63,4,97,0,0,0
92,10,95,0,1,1
75,11,12,6,0,0
79,5,85,9,1,1
63,6,39,8,1,0
42,7,99,6,0,1
61,14,30,9,0,1
92,13,37,4,0,1
41,7,99,7,0,1
63,10,71,1,0,1
83,13,42,8,1,1
69,12,94,5,0,1
77,1,44,8,0,0
41,8,61,1,0,0
99,6,43,2,0,0
60,3,50,7,0,0
72,3,60,0,1,0
51,10,56,9,0,1
97,7,91,6,0,1
61,3,67,6,0,0
83,12,84,0,1,1
64,14,66,8,1,1
88,5,32,7,0,0
66,4,57,3,0,0
98,2,31,9,1,0
81,12,26,4,1,1
67,13,78,1,1,1
99,9,20,8,0,1
55,10,24,5,0,0
54,1,44,2,1,0
86,8,42,6,0,1
90,9,93,8,1,1
83,8,25,2,1,0
94,0,43,1,1,0
91,9,75,6,0,1
96,2,49,6,1,0
42,7,37,3,1,0
76,5,56,8,0,0
90,4,48,7,1,1
46,4,79,0,0,0
60,5,82,0,1,1
48,14,29,4,0,0
78,6,10,5,1,0
57,0,81,2,1,0
43,8,96,8,1,1
64,2,72,9,1,0
99,3,76,5,1,1
53,9,13,3,0,0
89,0,67,6,0,0
97,12,34,7,1,1
48,10,56,8,1,1
65,9,47,5,1,1
92,2,24,5,0,0
41,1,72,7,0,0
59,1,30,4,1,0
67,13,66,2,0,1
86,0,62,2,1,0
99,7,55,5,1,1
46,2,23,1,1,0
83,2,85,5,0,1
47,5,26,5,1,0
86,12,48,7,1,1
74,7,18,6,1,0
53,12,86,7,0,1
56,14,88,8,0,1
75,8,91,5,0,1
89,8,15,2,1,0
79,3,32,9,0,0
43,13,68,2,1,1
41,4,55,0,0,0
45,1,47,4,1,0
93,10,23,3,0,0
81,8,81,8,1,1
43,7,71,8,0,1
93,2,44,4,0,0
68,10,28,9,0,1
57,11,39,3,1,1
65,12,87,6,0,1
83,8,93,5,0,1
73,2,34,3,0,0
49,8,49,9,0,0
75,1,97,1,1,1
53,11,23,0,0,0
70,9,35,3,1,0
87,8,96,3,1,1
54,14,31,0,1,1
47,7,57,5,1,1
53,8,92,3,0,1
62,4,60,0,1,0
99,10,12,0,1,0
96,10,51,0,1,1
79,1,28,7,1,0
60,7,82,9,0,1
55,11,37,7,0,1
84,14,93,1,1,1
57,5,54,6,1,0
86,7,80,7,1,1
92,10,87,7,0,1
63,4,72,9,0,0
65,9,82,6,0,1
64,1,28,4,0,0
99,5,56,0,0,0
99,4,23,8,1,0
99,11,47,6,0,1
84,12,62,1,0,1
80,11,70,5,1,1
68,4,45,1,0,0
54,12,49,0,0,1
84,0,90,6,0,1
40,1,39,1,1,0
64,7,18,1,0,0
46,12,73,4,1,1
48,13,42,4,1,0
63,12,61,6,0,1
40,2,98,0,0,0
83,9,23,7,0,1
47,2,84,2,0,0
63,7,62,3,1,0
50,7,68,8,0,1
90,1,87,3,1,1
56,7,50,9,1,1
47,10,77,4,1,1
74,12,77,6,1,1
74,12,17,3,1,0
72,0,11,0,0,0
98,5,95,8,1,1
44,7,50,3,1,0
81,2,64,8,0,1
78,7,25,5,0,0
97,11,71,0,1,1
80,0,57,2,1,0
67,10,39,1,0,0
46,10,21,8,1,0
48,8,44,0,0,0
47,12,20,8,0,0
51,10,73,8,1,1
73,12,59,7,0,1
72,8,94,7,1,1
87,4,30,0,1,0
94,9,78,7,1,1
62,3,57,9,0,0
63,14,29,2,1,1
76,10,76,6,0,1
74,5,53,0,1,0
83,11,42,0,1,1
79,6,82,9,0,1
61,4,70,4,1,0
66,10,18,4,1,0
74,12,77,7,0,1
40,9,44,6,0,0
74,8,90,7,0,1
76,2,97,5,1,1
86,14,74,5,0,1
53,6,17,1,0,0
42,9,54,5,1,1
40,9,96,4,0,1
44,10,56,2,1,1
65,4,49,5,1,0
94,13,85,7,0,1
53,6,63,8,1,1
78,14,85,0,0,1
66,1,55,2,0,0
48,3,56,2,0,0
54,1,24,7,0,0
54,13,28,0,1,0
65,12,35,4,1,1
81,12,61,2,0,1
99,11,31,1,0,1
52,6,30,7,1,0
90,1,60,2,0,0
71,12,47,6,1,1
78,13,29,0,0,1
88,10,38,5,1,1
91,0,60,2,1,0
71,8,13,7,1,0
43,0,64,5,0,0
69,7,80,1,0,1
76,14,37,5,0,1
62,1,13,6,0,0
78,11,31,4,0,0
84,7,85,2,1,1
54,12,54,3,1,1
82,2,76,3,1,0
68,5,95,5,1,1
75,2,75,9,1,1
52,13,97,0,1,1
71,6,43,3,1,0
46,9,64,9,0,1
98,8,10,3,1,0
90,1,81,9,0,1
61,14,96,0,1,1
67,11,47,8,1,1
41,11,15,3,0,0
81,14,95,6,1,1
84,13,34,2,0,1
96,4,91,9,1,1
92,12,26,2,0,1
45,5,70,7,1,1
67,3,21,7,0,0
67,3,15,0,0,0
83,3,99,9,1,1
83,1,36,1,1,0
59,3,17,7,0,0
69,10,92,0,1,1
50,0,74,7,0,0
97,11,66,7,1,1
94,5,49,1,0,0
67,0,23,3,1,0
64,9,44,5,0,1
78,5,57,8,1,1
72,0,93,7,0,0
40,5,65,7,0,0
96,9,58,6,1,1
66,7,22,8,1,0
96,10,70,1,0,1
91,1,58,2,0,0
52,1,55,9,0,0
80,13,71,7,0,1
42,14,17,5,1,0
78,12,52,9,0,1
45,11,29,8,0,0
47,3,99,9,0,1
66,10,48,3,1,1
48,2,94,7,0,1
76,3,58,9,1,1
72,12,73,2,1,1
90,11,71,2,1,1
81,6,63,7,1,1
83,12,18,4,1,0
63,10,97,2,1,1
54,0,46,9,1,0
98,5,58,0,0,1
93,14,50,2,0,1
71,14,26,8,1,1
71,2,97,4,0,1
63,10,30,9,0,0
80,9,60,1,1,1
91,6,68,6,0,1
88,9,48,1,1,1
88,1,64,3,0,0
97,13,50,6,1,1
91,1,48,3,1,0
51,12,22,6,0,1
78,3,73,6,0,1
41,0,20,0,1,0
42,2,28,5,1,0
88,12,20,8,1,1
76,8,86,1,0,1
88,6,55,2,0,0
95,14,54,9,0,1
56,6,10,4,0,0
98,12,49,8,1,1
88,12,28,3,1,1
41,10,85,0,1,1
41,3,81,3,1,0
67,1,81,5,0,0
93,14,70,4,1,1
62,13,21,0,1,0
76,3,70,3,0,0
71,5,42,5,0,0
72,10,54,9,1,1
40,10,99,9,0,1
58,2,78,3,1,0
41,0,17,8,0,0
92,13,34,4,0,1
83,11,55,7,1,1
65,7,96,8,0,1
71,11,39,9,1,1
45,12,56,4,0,0
71,4,96,5,0,1
94,14,58,0,0,1
43,4,56,6,0,0
94,10,93,3,0,1
50,3,91,1,1,1
95,5,27,4,0,0
98,2,75,2,1,1
56,8,77,5,0,1
77,4,42,7,1,0
63,2,45,6,0,0
44,10,91,2,1,1
91,0,28,7,1,0
73,9,37,1,0,0
45,11,49,9,0,1
61,5,93,8,0,1
50,14,85,3,1,1
87,1,24,0,1,0
55,12,50,7,0,1
72,2,48,6,0,0
48,0,11,4,1,0
99,8,72,9,1,1
98,7,38,4,0,0
45,11,83,6,1,1
55,1,75,4,0,0
68,14,60,7,0,1
42,11,84,5,0,1
59,10,86,4,1,1
99,7,19,8,1,1
98,11,23,1,1,1
75,13,91,0,1,1
58,8,60,7,0,1
65,0,82,2,1,0
42,12,48,6,0,1
58,4,37,9,0,0
59,7,12,7,0,0
71,14,93,5,1,1
46,10,79,9,0,1
91,13,36,8,0,1
80,1,11,6,1,0
72,3,47,9,0,0
79,6,12,4,1,0
78,2,25,7,1,0
57,12,49,1,1,1
79,11,11,6,0,1
40,4,90,3,1,0
50,7,50,8,1,1
67,11,21,0,1,0
96,9,44,6,1,1
64,2,74,5,0,0
89,3,64,7,1,1
62,13,54,4,0,1
70,14,88,0,1,1
69,8,99,0,0,1
81,13,94,8,1,1
74,13,71,9,0,1
46,6,58,5,1,1
99,0,34,9,0,0
55,13,32,4,0,0
65,11,33,0,0,1
87,3,47,5,1,0
96,3,37,5,0,0
91,8,30,2,0,0
99,5,63,7,0,1
88,8,27,0,0,0
41,11,45,0,1,0
40,14,54,5,0,1
87,5,82,9,0,1
51,5,62,0,0,0
44,4,39,5,1,0
76,4,69,0,0,0
71,1,41,5,0,0
98,7,76,2,0,1
94,7,76,7,0,1
48,10,37,5,1,1
80,12,53,0,0,1
74,0,88,4,0,0
58,7,50,7,1,0
87,4,72,2,1,1
55,1,32,5,1,0
42,13,84,4,0,1
59,1,57,5,1,0
63,13,41,9,0,1
93,14,66,0,1,1
95,14,42,6,0,1
72,5,33,8,1,0
63,10,48,1,0,1
91,12,43,9,1,1
50,8,65,4,0,1
88,0,37,9,0,0
47,11,46,3,0,0
75,5,16,5,0,0
77,8,77,5,0,1
79,7,46,1,0,0
59,10,65,1,0,1
74,5,74,3,0,0
87,2,74,0,1,0
64,7,56,8,0,1
74,8,29,6,0,0
64,0,28,6,1,0
68,11,38,2,0,0
57,8,83,2,1,1
85,13,69,0,0,1
57,14,27,2,1,1
41,5,44,2,1,0
93,5,52,3,0,0
74,11,20,3,1,0
55,3,58,2,0,0
80,0,47,9,0,0
75,9,73,7,0,1
72,7,78,7,0,1
43,1,17,0,1,0
72,11,43,6,0,1
53,0,57,1,1,0
60,1,65,0,1,0
87,0,85,2,0,0
59,0,74,3,0,0
95,8,40,5,0,1
47,12,13,9,0,0
46,13,59,4,1,1
42,0,78,3,0,0
56,12,39,7,1,1
72,3,97,3,0,1
87,9,68,9,0,1
51,5,76,1,0,0
98,6,84,2,0,1
90,1,54,5,1,0
61,5,13,7,1,0
94,6,35,7,0,1
61,9,36,8,1,1
85,13,55,6,1,1
69,9,73,1,0,1
77,1,60,7,0,0
77,14,59,6,1,1
84,1,15,7,1,0
90,9,68,2,1,1
93,6,24,6,1,1
47,11,39,9,0,1
66,0,51,8,0,0
66,7,46,2,1,0
73,10,51,9,0,1
60,12,44,5,1,1
69,2,96,1,1,1
72,10,15,1,0,0
67,5,77,4,1,1
86,8,27,4,1,0
72,5,82,6,0,1
44,8,38,1,0,0
99,6,86,6,1,1
87,14,68,4,1,1
58,8,56,5,0,1
43,1,26,7,1,0
74,11,31,9,1,1
88,7,77,3,0,1
56,7,78,6,0,1
83,1,46,5,0,0
67,11,58,9,0,1
69,13,22,1,0,0
68,3,43,7,0,0
85,13,95,9,1,1
92,14,62,8,1,1
45,10,96,4,0,1
74,14,60,9,0,1
99,6,12,3,1,0
80,10,51,5,1,1
76,3,41,7,1,0
63,3,60,2,0,0
68,5,94,9,0,1
88,9,55,0,1,1
85,5,30,3,0,0
92,9,53,3,0,1
70,14,20,0,0,1
74,2,77,8,1,1
99,14,10,2,1,1
72,8,72,4,0,1
91,11,33,5,0,1
60,9,22,7,0,0
71,13,20,5,0,1
62,10,60,2,0,1
72,1,26,5,1,0
42,5,91,0,0,0
57,11,95,3,0,1
64,6,33,5,0,0
81,11,28,6,1,1
70,12,46,9,1,1
93,8,94,2,0,1
97,12,17,8,1,1
42,2,37,6,1,0
79,9,14,0,1,0
85,2,26,1,1,0
63,6,45,0,1,0
89,13,28,8,1,1
71,3,73,8,0,1
86,12,20,6,1,1
61,7,63,9,1,1
62,12,54,2,0,1
41,6,56,4,0,0
66,4,21,3,0,0
81,6,30,6,0,0
41,2,20,8,1,0
65,11,14,1,1,0
56,1,90,7,1,1
79,5,65,8,1,1
72,1,29,9,0,0
48,2,50,9,1,0
82,5,55,8,1,1
93,4,21,9,0,0
87,7,79,6,1,1
78,8,26,8,1,1
68,10,28,8,1,1
81,2,35,2,1,0
94,11,57,3,0,1
65,9,61,1,0,1
74,2,79,9,0,0
89,2,64,2,0,0
64,12,84,4,0,1
63,12,42,4,1,1
52,5,71,5,1,1
99,14,97,6,0,1
97,14,32,6,0,1
46,0,24,0,0,0
96,6,36,1,1,0
75,11,84,8,0,1
84,0,73,9,1,1
59,13,90,1,1,1
40,4,60,5,1,0
47,14,62,0,1,1
85,9,87,2,0,1
55,12,91,1,1,1
53,7,60,2,1,0
51,3,56,4,0,0
90,4,13,9,1,0
62,3,16,5,1,0
54,11,44,8,1,1
67,11,57,9,0,1
73,13,82,3,1,1
41,3,81,6,1,0
71,11,54,5,0,1
62,7,90,1,0,1
61,1,90,9,1,1
90,0,81,7,1,1
64,2,28,6,0,0
97,8,72,6,1,1
61,3,47,7,0,0
97,9,76,0,1,1
97,4,68,0,0,1
61,1,78,7,1,1
88,3,22,3,0,0
91,1,56,4,0,0
81,14,70,7,0,1
45,1,40,4,0,0
54,3,89,9,0,1
93,5,31,3,1,0
82,6,95,5,1,1
99,9,52,4,0,1
76,2,76,6,1,1
72,2,63,9,1,0
47,9,19,6,1,0
92,5,51,3,1,0
99,12,73,4,1,1
83,11,30,2,1,0
83,2,89,3,0,0
44,12,85,3,1,1
78,1,75,2,1,0
43,7,50,9,1,0
45,4,33,4,0,0
84,14,44,4,1,1
71,0,65,6,1,0
91,2,39,3,1,0
69,9,66,3,0,1
86,7,56,8,1,1
74,3,44,5,0,0
94,13,28,3,1,1
79,6,17,1,0,0
91,9,35,5,0,1
55,11,80,1,0,1
52,13,39,4,1,1
89,13,16,5,0,1
99,1,76,3,0,0
81,6,74,2,0,1
69,4,45,6,0,0
58,4,34,1,1,0
56,5,46,5,1,0
95,12,10,3,1,1
58,8,24,5,1,0
67,13,46,3,0,1
97,5,22,3,1,0
94,11,17,3,0,0
65,12,14,8,1,1
76,14,69,6,1,1
65,13,82,2,1,1
92,7,10,2,0,0
62,6,45,5,1,1
48,8,44,5,1,0
51,3,75,3,1,0
92,1,72,8,0,1
40,6,32,3,1,0
97,5,18,8,1,0
97,0,43,3,0,0
40,10,55,1,0,0
86,8,87,1,1,1
73,8,13,4,1,0
71,11,39,3,1,1
93,1,84,6,0,1
87,2,81,4,0,0
64,4,12,5,0,0
79,4,23,9,1,0
84,14,69,3,0,1
92,0,86,1,1,1
40,7,54,9,0,0
55,11,43,8,0,1
78,7,54,9,0,1
44,3,70,6,1,0
61,12,92,3,1,1
68,6,25,2,1,0
94,14,75,9,1,1
42,14,49,2,0,1
51,10,26,8,1,1
65,9,43,4,0,0
55,2,25,2,1,0
90,5,69,4,1,1
76,13,75,1,0,1
61,9,75,3,0,1
96,12,99,9,1,1
68,9,22,1,1,0
53,11,65,1,0,1
67,13,40,7,0,1
44,8,43,0,0,0
86,0,48,6,0,0
88,4,76,4,0,1
69,3,17,7,1,0
85,7,96,0,1,1
91,10,87,6,1,1
44,11,64,4,1,1
51,0,36,3,0,0
55,8,62,6,0,1
65,5,48,9,0,0
65,3,74,1,1,0
87,11,26,0,0,1
60,8,39,0,0,0
78,10,62,0,1,1
75,4,22,4,1,0
72,14,30,9,1,1
69,4,28,6,0,0
76,11,62,1,0,1
62,4,28,9,1,0
97,0,66,7,1,1
49,0,34,3,0,0
93,7,95,2,1,1
44,11,40,9,0,1
75,7,90,7,1,1
73,11,64,1,1,1
91,14,32,2,1,1
70,14,41,2,0,1
49,5,71,9,0,0
97,11,83,0,1,1
58,10,19,5,0,0
97,12,81,1,1,1
71,3,63,0,1,0
40,1,61,1,0,0
95,13,29,5,0,1
44,1,41,3,0,0
84,8,23,5,0,0
43,14,59,8,1,1
55,4,37,9,0,0
63,3,62,9,0,0
55,9,33,7,1,0
94,12,88,0,1,1
41,0,31,7,1,0
88,6,39,8,1,1
67,2,72,5,0,1
71,5,13,9,0,0
66,4,86,4,1,1
59,4,68,5,1,1
63,10,96,5,0,1
51,4,17,8,0,0
89,0,91,3,0,1
74,0,21,1,0,0
99,2,40,8,0,0
72,13,87,1,1,1
72,11,43,9,1,1
90,9,91,8,1,1
82,3,84,1,1,1
76,4,85,7,0,1
51,1,58,8,1,0
42,7,88,9,0,1
40,10,66,8,0,1
72,10,35,9,0,1
79,13,27,8,0,1
49,1,95,1,0,0
82,8,47,3,0,1
83,1,90,6,0,1
68,12,96,1,1,1
52,8,97,0,0,1
51,6,59,2,1,0
70,14,17,3,1,0
85,7,50,7,0,0
41,14,15,5,0,0
90,10,78,1,1,1
89,1,53,8,1,0
74,6,73,1,1,1
62,11,38,4,1,0
56,5,37,3,0,0
65,3,20,6,0,0
47,6,74,7,0,1
68,13,28,4,1,1
65,12,18,9,0,0
49,3,36,4,1,0
65,1,43,1,0,0
73,9,53,7,1,1
90,11,77,1,0,1
80,6,91,9,0,1
46,7,24,5,1,0
43,1,60,7,1,0
97,4,22,5,1,0
92,0,92,3,1,1
89,6,58,3,1,1
84,7,79,5,0,1
50,12,65,3,1,1
68,5,85,7,0,1
95,4,60,8,0,1
75,14,46,0,0,1
64,5,26,3,0,0
60,14,67,3,0,1
96,1,96,1,1,1
75,0,99,5,1,1
49,6,38,2,0,0
76,6,42,6,0,0
48,9,69,4,1,1
63,10,98,3,1,1
74,9,64,4,0,1
88,13,19,7,1,1
74,1,56,2,1,0
87,1,32,6,1,0
75,0,94,5,0,0
57,9,30,0,1,0
88,7,22,6,0,0
78,14,42,6,0,1
71,7,33,0,0,0
63,0,20,8,0,0
62,11,26,5,0,1
71,10,77,1,1,1
76,7,56,4,0,0
51,8,34,3,0,0
88,13,82,6,0,1
94,3,30,7,1,0
52,0,93,0,1,0
62,0,92,4,1,0
64,2,92,2,1,0
74,14,21,0,1,1
80,13,46,2,1,1
69,4,51,5,1,0
56,4,26,6,0,0
88,8,57,7,0,1
59,9,37,3,1,0
87,13,50,2,0,1
64,11,56,4,0,1
61,1,27,8,1,0
52,1,87,5,0,0
98,5,80,8,0,1
58,14,22,5,1,1
88,8,91,1,0,1
75,0,22,4,1,0
51,8,40,8,1,0
80,8,11,7,0,0
58,12,25,6,0,1
51,8,18,0,0,0
48,4,82,3,1,1
46,12,47,6,1,1
67,14,84,6,1,1
53,8,63,5,0,1
70,10,65,7,0,1
91,3,95,5,1,1
58,1,96,9,0,1
97,12,54,2,0,1
86,5,43,3,1,0
55,13,18,2,1,0
92,3,97,0,0,1
44,5,17,9,1,0
74,2,16,4,0,0
51,5,45,0,1,0
64,1,27,0,1,0
91,1,12,1,1,0
98,12,37,3,0,1
60,8,79,5,0,1
75,6,53,7,1,1
92,2,30,2,1,0
62,12,37,0,1,1
55,10,63,2,0,1
96,0,63,2,1,0
78,7,74,4,1,1
84,13,30,3,1,1
92,5,22,3,1,0
81,6,66,8,0,1
97,8,58,6,0,1
78,4,63,3,1,1
53,14,19,2,0,1
70,0,62,5,0,0
97,11,53,2,0,1
44,9,56,5,1,1
74,6,62,8,0,1
62,14,83,5,0,1
68,4,55,3,0,0
82,2,22,4,1,0
50,11,46,5,1,1
57,12,33,2,0,0
86,8,11,7,0,0
51,0,95,3,1,0
48,0,90,7,1,0
49,0,23,9,0,0
97,2,19,9,0,0
83,11,44,2,1,1
56,5,34,9,1,0
77,9,12,6,0,0
46,10,26,8,1,0
85,2,21,3,0,0
52,7,63,7,0,1
79,13,33,2,0,1
81,13,38,6,1,1
48,9,52,2,0,0
89,1,34,6,0,0
66,13,69,9,1,1
97,8,99,9,1,1
41,2,74,5,0,0
44,4,93,1,0,0
68,9,37,2,1,0
76,7,25,5,1,0
77,1,56,3,1,0
58,5,90,5,0,1
47,11,67,0,0,1
87,4,85,9,0,1
84,12,36,0,1,1
40,9,62,2,0,0
61,8,51,7,1,1
91,11,68,7,0,1
56,4,56,3,1,0
46,1,43,5,0,0
64,4,46,7,0,0
84,14,15,6,1,1
43,11,16,6,1,0
75,3,34,3,0,0
45,14,42,8,1,1
99,10,64,9,1,1
70,6,67,5,0,1
58,5,16,2,1,0
83,13,66,4,0,1
93,1,21,4,0,0
78,11,25,4,1,0
66,10,89,7,1,1
49,10,52,8,0,1
65,12,86,8,0,1
58,4,16,5,0,0
78,6,60,5,0,1
42,10,82,8,0,1
84,6,41,3,0,0
52,14,84,5,1,1
89,4,17,3,1,0
67,11,96,0,1,1
97,14,98,6,0,1
59,8,81,9,1,1
67,3,54,5,0,0
47,10,95,8,0,1
80,2,68,6,1,1
78,14,13,6,0,1
40,3,76,1,0,0
42,4,38,8,0,0
52,12,38,9,0,1
67,5,37,8,0,0
96,2,86,5,0,1
99,1,88,2,1,1
88,13,96,0,0,1
64,12,53,3,0,1
95,3,99,2,0,1
72,4,13,0,0,0
77,3,99,2,1,1
92,13,18,3,1,1
45,10,14,7,0,0
97,12,65,8,0,1
83,14,93,2,0,1
84,11,59,5,1,1
71,2,84,9,1,1
84,7,24,4,1,0
86,9,41,5,1,1
60,3,37,3,0,0
55,13,31,9,1,1
93,1,26,5,1,0
60,1,68,6,0,0
50,0,99,8,0,0
99,12,80,9,1,1
76,3,66,6,1,1
75,9,35,5,1,1
74,8,34,0,1,0
58,13,19,1,0,0
59,10,54,0,0,0
96,6,92,8,1,1
57,14,20,9,1,1
86,11,86,9,1,1
80,9,62,8,1,1
88,6,81,6,1,1
53,12,77,1,0,1
54,14,37,5,0,1
70,6,84,3,0,1
40,14,74,0,1,1
92,7,58,0,1,1
93,0,56,4,0,0
93,9,61,1,0,1
42,12,97,3,1,1
55,9,63,0,0,1
62,7,69,3,1,1
96,3,66,5,1,1
50,3,56,9,0,0
51,3,40,3,0,0
49,5,55,0,0,0
71,6,35,6,1,0
55,5,14,1,1,0
47,0,93,8,0,0
77,11,61,2,1,1
51,7,84,7,1,1
63,12,63,7,1,1
67,9,42,2,0,0
92,14,59,3,1,1
47,10,47,1,0,0
97,12,36,3,0,1
67,6,24,8,1,0
75,5,70,1,0,0
65,5,30,2,1,0
47,4,55,3,0,0
97,5,78,4,0,1
99,11,15,0,1,0
89,8,47,6,0,1
67,9,71,9,0,1
67,8,95,6,0,1
76,14,71,8,1,1
80,9,91,3,1,1
75,7,87,5,0,1
66,9,83,1,0,1
93,8,55,3,0,1
56,12,22,1,1,0
48,9,12,9,1,0
72,7,15,4,0,0
92,7,17,6,1,0
59,0,53,0,1,0
52,9,42,9,1,1
67,10,90,9,1,1
87,4,84,6,0,1
68,3,86,9,1,1
52,1,59,5,1,0
85,7,20,5,0,0
74,2,37,7,0,0
45,3,79,7,1,1
57,11,50,5,1,1
90,6,25,2,0,0
44,9,77,4,0,1
86,8,57,1,0,1
64,1,65,4,1,0
41,2,73,8,1,0
49,3,68,9,0,0
95,9,99,0,1,1
69,0,71,9,0,0
89,6,85,4,1,1
98,1,20,5,0,0
84,4,98,6,0,1
44,14,27,8,1,1
94,0,28,5,1,0
95,2,96,4,1,1
72,11,64,6,1,1
93,1,91,0,1,1
40,0,35,4,1,0
57,6,15,1,0,0
71,4,13,3,1,0
86,0,38,6,0,0
88,5,68,4,0,0
50,4,26,5,1,0
60,14,52,1,0,1
65,2,89,2,0,1
64,11,75,6,1,1
61,6,43,1,1,0
98,10,17,5,1,1
66,9,22,4,0,0
88,8,17,9,1,0
52,13,74,0,1,1
72,12,52,9,1,1
73,12,48,3,1,1
80,8,90,1,0,1
74,13,68,3,1,1
40,8,93,0,0,1
60,1,97,1,1,1
87,2,95,7,0,1
94,6,95,5,0,1
45,4,53,1,0,0
67,1,18,5,1,0
56,2,46,9,0,0
44,9,83,8,1,1
70,5,45,6,1,0
44,12,37,8,1,1
77,6,51,4,1,0
42,8,52,6,1,0
92,0,94,6,0,1
62,10,97,2,1,1
76,6,51,6,0,1
92,7,75,0,0,1
76,11,64,8,0,1
49,13,81,9,0,1
49,2,57,5,0,0
58,3,31,4,0,0
56,9,36,6,0,1
60,5,76,4,1,1
53,9,22,9,0,0
48,6,54,4,1,1
85,12,19,9,0,1
40,13,18,6,0,0
90,3,63,9,0,1
84,7,36,6,0,0
52,4,43,2,1,0
43,0,10,2,1,0
40,3,41,9,1,0
88,2,98,2,0,1
79,8,80,5,0,1
71,7,76,5,0,1
73,0,93,2,1,0
67,10,29,2,0,0
70,5,44,7,1,0
47,8,99,7,1,1
78,6,87,6,0,1
65,3,26,9,0,0
97,12,27,3,1,1
73,0,54,3,1,0
93,11,93,2,1,1
93,1,62,4,0,0
42,11,91,2,0,1
98,4,77,7,0,1
89,11,74,6,0,1
51,10,10,2,0,0
40,4,67,8,0,0
93,7,35,4,1,0
83,5,29,8,1,0
44,7,96,6,1,1
69,1,19,6,0,0
69,2,68,5,1,1
98,5,84,1,0,1
96,11,50,8,0,1
56,12,14,5,1,1
87,9,74,7,0,1
86,2,26,0,1,0
62,5,31,4,1,0
54,5,50,0,0,0
76,1,77,9,1,1
60,6,78,7,1,1
53,11,20,7,1,0
41,1,65,0,1,0
50,5,60,8,0,0
90,0,30,1,1,0
78,2,85,8,1,1
77,1,35,0,1,0
99,6,28,9,0,0
73,13,69,8,1,1
77,3,80,3,0,0
89,7,56,8,1,1
73,5,80,6,1,1
57,11,35,5,1,1
69,9,49,4,0,0
54,3,14,8,0,0
66,4,30,1,0,0
90,12,87,1,0,1
73,12,13,8,0,1
91,14,32,2,0,1
96,14,93,7,1,1
77,8,24,8,0,0
72,6,17,7,1,0
63,9,50,3,0,0
54,13,28,0,0,0
99,13,55,3,0,1
69,8,37,8,1,1
94,6,77,1,0,1
81,11,24,2,0,0
90,0,46,9,1,0
56,11,10,7,1,0
44,7,76,5,1,1
68,3,33,7,1,0
43,2,36,6,0,0
49,13,49,4,1,1
95,12,72,8,0,1
56,6,70,3,0,0
49,11,45,5,1,1
56,2,33,1,0,0
99,7,33,1,1,0
59,5,13,1,0,0
63,4,76,9,1,1
44,3,43,6,1,0
73,7,66,1,1,1
45,7,58,1,1,0
92,11,96,8,1,1
41,0,62,6,1,0
52,8,32,2,0,0
82,13,78,2,0,1
82,4,62,6,0,1
87,3,71,4,1,1
50,5,50,9,0,0
90,5,66,5,1,1
86,1,69,7,0,0
96,7,63,8,0,1
62,6,79,0,1,1
94,0,66,2,0,0
55,4,19,6,0,0
70,11,49,5,0,1
50,5,16,6,1,0
93,3,47,7,0,0
55,1,94,5,1,1
47,12,70,2,0,1
43,13,93,1,0,1
79,3,12,6,0,0
43,0,60,0,0,0
95,6,95,2,1,1
64,1,56,3,0,0
42,12,77,0,1,1
71,1,85,4,1,0
42,8,47,9,0,0
66,4,45,2,0,0
68,1,50,1,1,0
71,10,78,2,1,1
89,8,22,7,0,0
97,8,96,5,0,1
90,0,67,6,0,0
58,10,59,5,0,1
60,2,39,5,0,0
44,3,71,2,1,0
57,13,34,7,0,1
67,6,36,6,0,0
81,9,60,6,1,1
61,3,87,5,0,1
60,1,66,4,0,0
45,6,56,9,1,0
40,5,48,7,0,0
44,2,25,4,1,0
80,5,31,8,0,0
51,10,94,8,0,1
65,14,63,0,0,1
85,5,30,5,1,0
73,11,81,6,1,1
88,4,25,2,1,0
53,3,68,6,1,1
65,9,40,6,0,0
84,11,51,1,1,1
66,14,83,6,1,1
48,0,41,0,1,0
65,9,68,4,0,1
96,5,43,8,0,1
86,1,18,6,1,0
96,12,90,6,1,1
61,2,20,1,0,0
86,13,19,7,1,1
95,7,95,2,1,1
69,9,26,7,1,0
82,13,77,2,1,1
87,13,57,9,0,1
56,5,61,6,0,0
65,2,34,1,0,0
75,6,30,3,1,0
40,3,74,5,1,1
47,13,72,8,0,1
88,8,98,4,0,1
74,14,60,8,0,1
91,4,45,4,1,0
54,2,90,9,0,1
86,1,97,7,1,1
95,10,75,0,1,1
61,1,24,6,0,0
53,2,48,3,0,0
65,1,79,4,1,0
67,13,10,5,0,0
62,3,32,4,0,0
53,1,48,0,1,0
63,9,66,8,1,1
41,8,90,1,1,1
84,1,43,8,1,0
65,8,50,9,1,1
53,12,82,1,0,1
98,5,22,8,1,0
95,0,79,5,1,1
90,3,15,8,1,0
46,14,93,5,0,1
42,13,61,5,1,1
86,0,12,1,1,0
62,13,90,7,1,1
85,5,72,2,0,1
82,13,58,6,1,1
86,12,85,4,1,1
99,3,56,2,1,0
84,2,64,0,0,0
57,2,73,7,0,0
97,8,74,2,0,1
77,5,90,1,0,1
74,8,76,0,1,1
90,12,99,3,1,1
54,4,24,7,0,0
64,1,41,2,0,0
94,7,77,0,1,1
76,4,27,3,1,0
67,1,92,8,0,1
49,3,52,0,0,0
78,8,44,1,0,0
96,14,87,8,0,1
56,3,67,1,1,0
78,12,42,2,0,1
61,11,23,6,0,0
65,11,43,2,1,1
83,11,70,8,1,1
64,12,13,5,1,1
56,14,97,2,1,1
52,13,68,8,1,1
59,3,38,0,0,0
64,1,92,9,0,1
43,12,15,2,0,0
49,11,58,0,1,1
42,14,49,1,0,1
80,5,92,7,1,1
84,12,74,6,0,1
57,10,78,1,0,1
86,13,36,1,1,1
75,1,89,8,1,1
86,11,15,5,0,1
61,6,22,4,0,0
73,2,73,9,0,0
86,14,71,5,0,1
47,2,28,8,0,0
79,4,85,6,1,1
88,2,89,9,1,1
83,1,52,9,1,0
58,9,83,8,1,1
81,8,98,3,0,1
80,1,29,1,0,0
76,13,77,7,1,1
45,10,53,3,0,0
91,1,32,8,1,0
65,12,11,3,0,0
73,14,31,7,0,1
98,7,66,8,0,1
95,14,81,8,1,1
98,8,16,9,1,1
84,6,87,3,1,1
45,2,65,0,1,0
76,8,76,2,0,1
96,2,25,8,0,0
72,4,92,3,0,1
92,8,60,4,0,1
61,11,91,6,1,1
60,13,89,4,0,1
45,13,81,3,0,1
45,2,21,1,0,0
94,6,62,1,1,1
87,11,84,3,1,1
43,0,14,9,1,0
69,3,36,9,0,0
50,3,21,8,1,0
69,6,26,7,0,0
70,7,15,2,0,0
63,0,14,8,0,0
94,4,66,4,1,1
48,6,37,2,1,0
94,11,87,4,0,1
42,3,78,9,0,0
90,12,68,3,1,1
70,3,42,7,1,0
79,3,71,4,1,0
76,11,59,9,0,1
75,5,28,7,0,0
63,6,95,8,0,1
70,1,78,3,1,0
45,14,75,6,1,1
41,4,56,1,1,0
59,3,48,5,0,0
67,14,77,7,0,1
50,13,42,6,1,1
43,12,22,6,0,0
54,2,93,7,1,1
45,6,63,6,0,0
93,10,16,4,1,0
88,11,88,6,0,1
69,5,96,9,0,1
95,13,23,2,1,1
77,6,96,4,1,1
90,4,28,6,1,0
96,12,63,8,1,1
41,5,29,1,1,0
54,4,38,3,0,0
50,13,33,6,1,1
47,6,91,0,1,1
65,1,72,1,1,0
90,13,83,8,0,1
84,10,66,9,1,1
83,4,17,6,1,0
44,5,99,9,1,1
45,5,71,6,0,0
65,14,38,5,0,1
93,4,83,2,1,1
43,9,26,9,0,0
58,6,75,2,1,0
59,9,15,1,0,0
72,7,67,5,1,1
59,6,78,3,0,1
88,4,37,4,1,0
51,0,71,2,1,0
86,12,50,5,0,1
40,4,78,2,1,0
65,9,91,7,1,1
53,1,99,8,1,1
77,12,93,3,1,1
76,4,50,8,0,0
50,4,58,6,1,0
75,1,58,2,0,0
52,4,85,6,0,1
82,12,80,0,0,1
42,3,12,2,0,0
72,0,19,5,1,0
45,2,98,3,1,0
89,0,44,6,0,0
95,11,89,2,1,1
49,10,11,0,0,0
44,14,33,8,1,1
62,4,83,5,1,1
49,3,47,7,1,0
83,6,31,2,0,0
41,4,35,7,0,0
52,9,52,1,1,0
79,13,64,3,0,1
41,3,48,2,0,0
59,1,38,9,1,0
40,3,29,0,0,0
76,11,50,6,1,1
48,1,63,9,1,0
56,7,29,1,1,0
48,2,28,3,0,0
50,8,93,8,1,1
54,12,75,5,1,1
63,3,39,7,0,0
77,12,62,1,0,1
94,5,43,6,0,1
74,9,31,5,0,1
69,4,76,8,1,1
70,9,15,6,0,0
88,12,88,0,0,1
44,0,36,7,0,0
99,8,19,9,0,0
83,0,82,2,1,0
89,7,57,1,0,0
53,8,79,2,1,1
92,8,68,5,0,1
95,0,68,2,1,0
50,1,11,9,1,0
48,11,38,4,0,0
73,12,77,5,1,1
51,0,74,7,0,0
74,9,92,6,1,1
74,1,35,7,1,0
40,9,98,2,1,1
79,11,19,3,0,0
61,7,62,5,1,1
99,4,88,6,0,1
68,11,68,8,1,1
47,10,31,0,1,0
50,6,60,7,1,1
80,1,57,7,1,0
76,7,30,5,1,0
53,10,31,3,1,0
99,5,39,2,0,0
69,7,34,2,0,0
74,0,37,5,0,0
60,14,74,7,1,1
76,0,54,6,0,0
44,11,77,0,1,1
58,6,16,5,0,0
98,7,58,6,0,1
53,12,18,6,1,1
65,2,45,8,1,0
43,4,92,9,0,1
64,11,10,4,0,0
84,0,19,0,0,0
81,6,45,1,0,0
64,4,82,3,1,1
57,7,55,4,0,0
79,12,41,8,1,1
47,7,41,0,1,0
78,8,15,2,0,0
79,6,57,4,1,1
53,10,47,2,0,0
71,0,26,3,1,0
90,12,83,2,1,1
77,2,36,3,0,0
72,7,63,0,1,1
62,2,59,7,1,0
54,7,44,3,0,0
72,0,94,6,1,1
64,4,34,1,1,0
56,3,37,1,0,0
72,4,24,5,0,0
86,7,13,1,1,0
94,9,82,5,1,1
41,14,36,1,1,1
53,13,35,3,0,0
92,3,28,6,1,0
79,10,26,7,1,1
79,3,52,2,1,0
90,14,50,8,1,1
78,2,51,1,1,0
90,6,59,7,1,1
45,2,93,7,0,0
45,11,49,3,0,0
42,2,48,0,1,0
46,10,32,0,1,0
90,9,61,1,0,1
47,4,56,8,0,0
81,4,72,1,0,0
91,13,78,1,1,1
54,5,52,5,1,0
86,7,57,6,1,1
68,9,43,6,1,1
72,5,49,8,0,1
91,14,84,5,0,1
69,11,70,7,0,1
78,0,59,5,0,0
66,14,76,1,1,1
75,7,71,0,1,1
68,7,67,4,0,0
77,8,42,8,0,1
96,8,84,7,0,1
72,1,25,3,0,0
76,14,91,4,0,1
66,1,57,4,1,0
94,2,19,5,1,0
72,0,91,2,0,0
43,3,47,4,0,0
61,13,28,1,0,0
41,3,45,9,1,0
49,13,68,0,1,1
44,8,72,0,1,1
98,8,86,9,0,1
49,8,55,6,1,1
72,9,12,1,0,0
93,6,83,3,1,1
77,13,74,4,1,1
52,14,17,6,1,1
70,1,60,1,0,0
86,9,90,5,0,1
75,4,82,0,1,1
84,3,15,6,0,0
63,11,98,8,0,1
91,10,48,4,0,1
95,7,69,4,0,1
54,1,37,3,0,0
68,5,63,2,0,0
47,12,46,8,0,1
44,4,18,4,1,0
68,14,91,7,0,1
86,11,65,8,0,1
43,1,68,4,1,0
51,10,94,9,1,1
84,9,11,8,1,0
41,14,70,1,1,1
66,0,67,8,0,0
70,7,69,3,1,1
90,1,49,5,1,0
90,6,45,5,0,1
75,8,46,5,0,0
75,8,88,1,0,1
65,7,27,6,1,0
82,10,72,5,0,1
66,13,31,0,1,1
44,11,20,1,0,0
59,9,67,6,0,1
50,8,66,0,1,1
49,1,86,0,0,0
79,5,13,0,0,0
77,3,95,7,0,1
45,13,16,3,0,0
47,3,70,3,0,0
62,4,63,1,1,0
86,11,97,0,1,1
65,2,77,9,0,0
85,13,88,8,1,1
82,0,10,6,1,0
51,7,64,3,1,0
65,4,12,5,0,0
52,2,87,1,0,0
79,9,47,6,0,1
57,13,10,1,1,0
64,6,47,9,1,0
72,6,94,7,0,1
86,0,38,7,0,0
79,11,14,0,1,0
99,8,83,7,1,1
82,14,30,1,0,1
51,1,80,5,1,1
83,4,76,0,1,1
75,12,56,4,1,1
87,13,93,6,1,1
43,4,92,9,1,1
44,13,44,0,1,0
95,7,77,1,1,1
76,13,78,6,0,1
47,7,10,5,0,0
81,13,77,2,1,1
88,6,21,9,1,0
67,6,69,1,1,1
70,11,36,9,0,1
97,10,65,3,0,1
48,5,32,2,1,0
93,5,34,6,0,0
90,10,30,7,1,1
68,8,70,1,1,1
53,5,72,9,1,1
79,11,61,6,1,1
80,12,97,7,1,1
61,12,34,5,1,1
50,1,64,5,1,0
62,1,55,9,0,0
40,12,41,0,1,1
85,4,64,3,0,0
76,14,14,0,1,0
60,3,45,3,1,0
65,10,58,1,0,1
85,1,67,4,0,0
75,14,48,9,1,1
93,14,89,8,0,1
62,2,94,9,1,1
96,6,70,2,1,1
40,7,18,7,0,0
93,11,15,2,0,0
94,12,44,5,0,1
90,5,48,3,0,0
79,10,31,7,1,1
54,4,50,5,0,0
60,12,14,7,0,0
86,0,51,0,0,0
48,7,96,5,0,1
92,2,90,0,0,1
48,14,85,0,1,1
49,5,96,7,1,1
91,2,89,6,0,1
96,6,76,2,0,1
92,12,39,5,1,1
65,13,66,8,0,1
80,6,95,6,1,1
74,11,82,2,1,1
91,14,38,5,0,1
64,8,46,3,1,0
65,4,96,2,0,1
50,14,22,8,0,1
77,7,41,9,1,0
41,9,55,1,1,0
46,9,32,0,0,0
57,7,54,1,1,0
66,0,26,6,0,0
73,11,94,9,1,1
66,4,75,0,1,1
56,2,15,5,0,0
82,0,27,6,0,0
98,3,31,8,0,0
83,7,42,7,1,1
98,2,39,5,0,0
90,9,90,2,0,1
93,1,41,7,1,0
63,10,51,6,1,1
64,8,87,2,0,1
46,9,19,8,0,0
91,4,45,1,0,0
45,13,43,2,0,0
92,6,82,1,1,1
63,10,37,0,1,0
72,10,20,3,0,0
88,1,87,4,0,0
68,8,48,5,0,1
82,12,56,4,1,1
61,8,28,0,0,0
65,3,24,2,0,0
67,3,37,0,1,0
89,5,33,4,1,0
60,9,81,4,0,1
88,9,18,5,0,0
46,9,56,7,1,1
56,5,42,9,0,0
59,11,71,0,0,1
80,0,28,3,1,0
88,13,76,9,1,1
59,13,83,0,1,1
93,8,49,8,0,1
61,1,56,6,1,0
67,4,74,6,1,1
79,8,38,4,0,0
88,3,59,6,0,0
46,10,22,1,1,0
40,2,10,3,1,0
71,14,43,6,0,1
52,6,57,2,0,0
69,5,86,1,1,1
62,7,57,9,1,1
90,2,58,1,0,0
98,4,73,0,1,1
95,9,70,4,0,1
58,3,38,5,1,0
71,14,48,5,0,1
69,12,97,8,0,1
68,3,35,3,1,0
88,3,26,0,1,0
84,9,80,5,0,1
68,7,22,4,1,0
69,5,78,9,1,1
55,2,35,5,1,0
79,9,58,2,0,1
58,4,76,1,1,0
57,5,16,5,1,0
40,4,67,0,0,0
53,5,58,6,1,0
90,7,62,6,1,1
86,6,74,9,0,1
89,4,71,6,0,1
41,9,26,9,1,0
93,5,52,0,1,1
67,13,34,3,0,0
88,3,12,6,0,0
89,11,88,8,1,1
69,8,38,4,1,0
77,12,41,1,1,1
90,3,35,6,0,0
43,0,25,9,1,0
40,6,34,0,0,0
47,6,63,6,0,0
68,3,37,5,0,0
94,12,82,6,1,1
78,13,65,9,1,1
42,2,74,2,1,0
71,7,95,2,0,1
49,4,89,6,1,1
49,9,50,1,0,0
58,6,60,0,0,0
85,3,80,8,0,1
73,3,87,8,0,1
99,7,38,6,0,1
72,13,92,6,0,1
62,7,28,2,1,0
94,1,75,9,0,1
67,13,50,1,1,1
71,1,54,6,0,0
89,2,24,8,1,0
46,14,12,0,1,0
68,11,20,3,1,0
47,11,62,5,1,1
40,2,55,6,0,0
96,0,39,9,0,0
94,14,66,6,0,1
42,13,27,9,0,1
63,2,60,1,1,0
62,5,57,3,1,0
98,7,75,4,1,1
47,12,17,0,0,0
93,11,31,0,1,1
96,13,15,9,0,1
86,9,85,2,1,1
76,5,66,9,1,1
42,4,45,2,1,0
90,14,88,7,1,1
72,3,66,8,1,1
67,2,58,0,0,0
86,12,54,1,1,1
47,3,91,9,0,1
73,13,75,1,0,1
74,6,86,3,0,1
71,0,54,1,0,0
63,6,88,6,0,1
53,0,29,8,0,0
71,1,73,6,0,0
95,14,76,5,0,1
85,3,92,9,1,1
82,0,12,0,1,0
55,10,63,9,0,1
43,11,87,8,0,1
91,10,73,4,0,1
76,14,49,4,1,1
93,10,68,5,1,1
60,8,64,8,0,1
53,11,71,7,0,1
70,5,13,7,1,0
94,12,69,7,1,1
87,0,84,0,0,0
57,0,39,0,0,0
46,5,11,7,0,0
49,3,71,4,0,0
46,3,58,8,1,0
72,14,18,1,1,1
62,10,40,8,0,1
60,14,70,7,0,1
58,5,88,8,0,1
87,14,57,3,1,1
58,13,34,0,0,1
75,11,45,0,0,1
68,10,17,4,0,0
99,6,82,1,1,1
57,8,67,7,0,1
41,9,54,9,1,1
40,4,71,4,0,0
86,8,48,4,0,1
44,3,67,1,0,0
59,12,90,6,1,1
50,9,92,7,0,1
81,1,73,9,0,0
41,2,53,0,1,0
42,12,38,1,1,0
62,10,68,9,1,1
94,0,80,3,0,0
51,13,18,4,1,0
59,13,15,1,0,0
44,5,38,0,1,0
76,12,67,8,1,1
77,5,26,0,1,0
69,0,25,3,0,0
48,10,96,1,0,1
73,12,12,3,0,0
92,2,30,7,0,0
83,4,73,7,0,1
74,2,99,8,0,1
91,9,45,4,0,0
97,2,95,6,0,1
61,13,71,2,0,1
83,9,51,9,1,1
63,2,85,3,1,1
56,4,51,9,0,0
49,12,70,8,0,1
69,4,22,9,0,0
95,3,20,9,0,0
98,0,63,0,1,0
85,4,25,1,1,0
62,9,17,4,0,0
71,4,68,2,1,1
56,3,66,1,1,0
89,5,49,0,0,0
90,9,68,9,0,1
56,3,11,2,0,0
53,13,85,0,0,1
48,6,19,0,1,0
79,6,53,0,0,0
41,1,20,7,1,0
84,2,88,2,0,1
64,0,89,0,1,0
78,7,90,6,0,1
48,8,99,9,0,1
93,3,11,2,1,0
61,5,59,7,1,1
82,8,21,3,1,0
85,5,99,3,0,1
43,13,32,4,1,0
65,11,27,5,1,1
97,11,71,6,1,1
68,11,71,3,1,1
84,8,47,7,1,1
73,14,76,5,1,1
62,3,47,0,1,0
76,7,76,0,1,1
50,8,70,8,1,1
45,3,10,9,0,0
57,4,54,5,0,0
60,13,37,9,1,1
81,7,30,7,0,0
75,11,22,6,0,0
80,9,36,5,1,1
77,13,16,3,1,0
73,5,31,6,1,0
56,11,83,8,1,1
76,6,62,9,1,1
64,2,88,9,1,1
77,6,88,6,0,1
97,11,13,0,1,0
51,13,32,9,0,0
62,7,79,8,1,1
92,9,97,3,1,1
81,5,93,2,0,1
61,14,93,3,1,1
60,9,85,3,1,1
66,8,42,9,0,0
96,12,37,1,1,1
70,5,17,0,0,0
45,11,10,9,1,0
66,8,46,0,1,0
79,12,72,7,0,1
73,3,31,1,1,0
51,7,79,9,0,1
84,10,30,4,0,0
96,3,44,3,0,0
92,1,88,7,1,1
46,9,14,1,1,0
49,10,69,9,0,1
84,8,55,8,1,1
56,4,59,6,1,0
65,3,57,6,1,0
60,1,15,0,0,0
67,0,98,1,1,1
97,10,65,3,0,1
85,6,68,3,1,1
41,5,38,2,1,0
99,14,80,6,0,1
93,14,86,7,1,1
82,1,27,1,0,0
40,7,11,3,1,0
90,10,17,2,0,0
92,3,84,1,1,1
75,7,63,5,1,1
90,14,47,3,1,1
65,6,57,5,0,1
68,4,36,1,0,0
60,9,29,3,0,0
50,9,21,5,1,0
79,11,52,4,0,1
50,7,70,2,0,0
75,13,40,7,0,1
88,8,70,6,0,1
98,4,83,2,0,1
78,9,76,5,0,1
79,4,44,3,0,0
74,1,24,4,0,0
93,4,25,4,0,0
73,2,22,6,0,0
94,6,44,4,1,1
86,9,84,2,1,1
63,4,68,9,0,1
93,7,30,4,1,0
61,0,63,6,1,0
44,2,84,4,0,0
95,2,39,4,0,0
72,8,57,8,0,1
97,4,44,2,1,0
75,11,95,5,0,1
86,8,47,0,1,1
59,12,40,9,0,1
58,8,87,4,1,1
74,0,33,7,1,0
91,1,58,4,0,0
82,4,41,8,0,0
56,3,64,5,1,0
98,14,88,7,1,1
84,9,67,9,0,1
82,8,12,7,0,0
73,6,89,2,1,1
48,5,78,6,0,1
65,6,94,6,1,1
41,0,19,9,0,0
92,0,92,5,0,1
48,7,34,6,0,0
48,12,77,1,1,1
79,12,70,8,0,1
56,1,38,9,1,0
40,11,28,9,0,0
64,9,52,0,1,1
82,10,75,0,1,1
79,8,83,2,0,1
81,6,70,2,1,1
64,5,52,0,1,0
78,0,34,6,1,0
74,0,29,3,1,0
42,1,57,9,0,0
89,5,92,1,0,1
76,13,96,9,0,1
83,5,33,4,1,0
83,1,20,5,1,0
90,0,64,8,0,0
69,9,37,3,0,0
77,4,78,1,1,1
73,4,72,4,0,0
51,1,68,2,0,0
58,5,14,1,1,0
76,8,60,0,0,1
83,1,30,9,1,0
98,9,21,1,0,0
98,1,59,5,1,1
88,2,13,7,1,0
56,12,51,2,1,1
49,6,93,8,1,1
96,5,47,8,1,1
94,11,34,1,0,0
88,7,23,7,0,0
86,14,84,9,0,1
51,7,41,4,1,0
55,5,20,3,0,0
63,11,70,9,1,1
58,10,27,4,1,0
47,9,36,3,0,0
70,2,64,7,1,1
60,2,63,3,0,0
56,14,91,9,1,1
62,0,96,5,1,1
76,6,84,1,0,1
93,4,30,4,1,0
55,3,53,5,0,0
45,9,14,4,1,0
47,14,96,1,0,1
64,3,50,6,1,0
57,13,68,3,0,1
64,3,98,7,0,1
51,5,63,6,1,1
54,14,83,6,0,1
98,7,31,8,1,1
65,7,92,0,1,1
80,4,74,9,0,1
84,14,73,5,0,1
65,5,80,5,0,1
86,3,13,5,0,0
71,11,74,5,0,1
49,13,24,9,1,1
55,10,85,6,0,1
46,12,31,9,1,1
56,8,95,5,0,1
62,7,56,0,0,0
65,9,90,2,0,1
60,11,55,1,1,1
61,9,23,5,0,0
97,0,59,7,1,0
46,14,29,2,1,1
53,1,59,9,1,0
54,8,42,7,0,0
92,7,68,7,1,1
46,13,52,4,0,1
48,2,88,7,1,1
90,7,21,5,0,0
87,11,49,4,1,1
47,0,29,8,0,0
89,9,47,6,0,1
98,3,12,7,0,0
62,2,37,0,1,0
68,5,65,1,1,0
57,6,99,7,0,1
70,3,22,8,1,0
69,6,86,3,1,1
91,8,75,9,1,1
78,10,46,9,1,1
74,1,58,8,1,0
57,10,75,3,1,1
98,2,45,9,1,1
81,4,63,9,0,0
78,2,35,9,0,0
56,10,84,8,1,1
53,7,81,6,0,1
70,11,49,1,0,1
63,9,52,8,0,1
74,7,31,3,1,0
83,7,29,7,1,1
99,11,17,6,1,1
84,11,38,6,1,1
73,8,49,7,1,1
42,3,99,0,0,0
76,4,39,4,1,0
82,4,90,1,0,1
79,7,93,1,1,1
65,6,64,0,0,0
94,8,25,4,1,0
62,14,55,1,1,1
83,14,71,3,1,1
78,13,16,2,1,1
54,7,89,2,1,1
95,1,54,1,1,0
88,9,68,5,0,1
43,11,65,1,1,1
68,3,57,7,0,0
61,5,36,7,1,0
64,11,62,4,0,1
52,1,96,9,0,1
57,6,97,6,0,1
72,2,82,3,0,0
55,12,44,0,0,1
84,2,60,1,0,0
81,10,93,9,1,1
83,1,46,9,0,0
41,10,90,3,1,1
94,7,66,0,1,1
74,5,17,7,0,0
81,0,88,8,0,1
73,11,29,3,1,0
69,0,62,9,0,0
98,6,21,2,0,0
94,7,58,1,0,1
52,4,26,4,0,0
52,11,73,2,0,1
57,10,51,9,0,1
71,4,38,6,0,0
71,3,28,5,1,0
74,13,20,0,0,1
98,5,59,7,1,1
78,13,80,1,1,1
85,5,67,4,1,1
91,2,43,8,1,0
68,8,29,7,0,0
88,11,59,1,1,1
68,10,97,8,1,1
92,13,19,4,1,1
83,6,41,9,1,0
96,0,61,5,1,0
55,14,24,2,0,0
95,12,93,2,0,1
83,6,12,9,1,0
86,4,46,7,0,0
96,4,49,9,0,1
49,13,81,9,1,1
69,12,49,1,1,1
64,1,65,1,1,0
78,3,32,4,0,0
59,11,20,5,1,1
44,5,73,1,0,0
40,9,17,4,0,0
69,14,65,6,0,1
88,10,69,9,1,1
42,6,19,9,0,0
84,10,48,7,1,1
53,4,37,6,1,0
95,8,58,7,1,1
69,2,45,8,1,0
89,0,22,4,1,0
43,3,45,4,0,0
57,8,35,9,0,0
76,3,95,3,0,1
64,1,13,8,0,0
87,9,91,4,0,1
40,13,73,1,1,1
92,13,47,9,1,1
